Ref,Val,Package,PosX,PosY,Rot,Side
"C1","100nF","C_0603_1608Metric",9.374016,-3.873031,90.000000,top
"C2","10nF","C_0603_1608Metric",8.881890,-3.719488,-90.000000,top
"C3","100nF","C_0603_1608Metric",9.374016,-3.711614,90.000000,top
"C4","4.7uF","C_0603_1608Metric",9.433071,-3.711614,90.000000,top
"FID1","Fiducial","Fiducial_0.5mm_Mask1.5mm",8.332677,-3.014764,0.000000,top
"FID2","Fiducial","Fiducial_0.5mm_Mask1.5mm",7.448819,-4.042323,0.000000,top
"FID3","Fiducial","Fiducial_0.5mm_Mask1.5mm",9.885827,-4.022638,0.000000,top
"J1","53261-0471","Molex_PicoBlade_53261-0471_1x04-1MP_P1.25mm_Horizontal",8.535433,-4.085630,0.000000,top
"J2","JST_PH_S4B-PH-SM4-TB","JST_PH_S4B-PH-SM4-TB_1x04-1MP_P2.00mm_Horizontal",7.083858,-3.735236,-90.000000,top
"J4","TSM-102-01-L-DH-A","SAMTEC_TSM-102-01-L-DH-A",10.129100,-3.076181,0.000000,top
"J5","USB-A-S-F-B-SM2-R-TR","SAMTEC_USB-A-S-X-X-SM2-R",7.515748,-3.219488,180.000000,top
"U1","FT232RL","SSOP-28_5.3x10.2mm_P0.65mm",9.125984,-3.770669,0.000000,top
